{
    "Random Forest": {
        "R2 Score": [
            0.9606979273016464,
            0.8449784501951692
        ],
        "Mean Absolute Error": [
            2.357149837512026,
            4.712571447302698
        ],
        "Mean Squared Error": [
            9.007934596539325,
            35.90574644284659
        ],
        "Root Mean Squared Error": [
            3.001322141413568,
            5.992140389113609
        ]
    },
    "Descision Tree": {
        "R2 Score": [
            0.8552367144365239,
            0.8083318519055802
        ],
        "Mean Absolute Error": [
            4.45875,
            5.3125
        ],
        "Mean Squared Error": [
            33.179375,
            44.39375
        ],
        "Root Mean Squared Error": [
            5.76015407780035,
            6.6628634985267405
        ]
    },
    "Gradient Boosting": {
        "R2 Score": [
            0.907385567027345,
            0.8671569135054149
        ],
        "Mean Absolute Error": [
            3.6421216810811075,
            4.411410539811553
        ],
        "Mean Squared Error": [
            21.226991291688254,
            30.76882011800834
        ],
        "Root Mean Squared Error": [
            4.607275907918718,
            5.546964946527816
        ]
    },
    "Linear Regression": {
        "R2 Score": [
            0.8759428161214105,
            0.8769544331752884
        ],
        "Mean Absolute Error": [
            4.248237737319031,
            4.268917677477599
        ],
        "Mean Squared Error": [
            28.433589423796438,
            28.499540411553497
        ],
        "Root Mean Squared Error": [
            5.33231557803891,
            5.338496081440305
        ]
    },
    "KNeighbours Regressor": {
        "R2 Score": [
            0.9991137553862841,
            0.8096349653891792
        ],
        "Mean Absolute Error": [
            0.03875022504261656,
            5.14443277955844
        ],
        "Mean Squared Error": [
            0.20312500000090034,
            44.09192575435631
        ],
        "Root Mean Squared Error": [
            0.4506939094339975,
            6.640175129795622
        ]
    },
    "XG Boost": {
        "R2 Score": [
            0.9003895280233364,
            0.8689069525813888
        ],
        "Mean Absolute Error": [
            3.7798507452011108,
            4.3486991882324215
        ],
        "Mean Squared Error": [
            22.830465547782307,
            30.363479961068222
        ],
        "Root Mean Squared Error": [
            4.77812364299861,
            5.510306702994691
        ]
    },
    "CatBoost Regressor": {
        "R2 Score": [
            0.8924329165569391,
            0.8658403209892923
        ],
        "Mean Absolute Error": [
            3.943731701549847,
            4.3385465983479365
        ],
        "Mean Squared Error": [
            24.654100556792503,
            31.073766347174324
        ],
        "Root Mean Squared Error": [
            4.965289574314121,
            5.574384840246888
        ]
    },
    "AdaBoost Regressor": {
        "R2 Score": [
            0.8548633862341734,
            0.8412292397005217
        ],
        "Mean Absolute Error": [
            4.693218770276672,
            4.723284338768319
        ],
        "Mean Squared Error": [
            33.264940869658524,
            36.77413023562352
        ],
        "Root Mean Squared Error": [
            5.767576689534221,
            6.064167728190202
        ]
    }
}